{"cameraMode":{"drawMode":0,"name":"Shaded","section":"Shading Mode"},"sceneLighting":true,"audioPlay":false,"sceneViewState":{"m_AlwaysRefresh":false,"showFog":true,"showSkybox":true,"showFlares":true,"showImageEffects":true,"showParticleSystems":true,"showVisualEffectGraphs":true,"m_FxEnabled":true},"in2DMode":false,"pivot":{"x":-88.30435180664063,"y":-316.4849853515625,"z":151.08543395996095},"rotation":{"x":0.14002658426761628,"y":-0.8003527522087097,"z":0.25704628229141238,"w":0.5263028144836426},"size":391.81658935546877,"orthographic":true}